,PC1,PC2,PC3,PC4,PC5,PC6,PC7,PC8,PC9,PC10,PC11,PC12,PC13,PC14,PC15,PC16,PC17,PC18,PC19,PC20,PC21,PC22,PC23,PC24,PC25,PC26,PC27,PC28,PC29,PC30,PC31,PC32,PC33,PC34,PC35,PC36,PC37,PC38,PC39,PC40,PC41,PC42,PC43,PC44,PC45,PC46,PC47,PC48,PC49,PC50
codigo_ibg,-0.21004631593944575,-0.10780094980061734,0.0820864303266853,0.08173101524728665,-0.12993989194455613,-0.19172735436204727,0.12703493664945292,0.09515802030716673,0.023227965330102858,-0.031701735311870434,0.0037743893803690075,-0.030673212757977138,0.05358794932563016,-0.061098263912729114,0.021079511823219575,0.1101042629976709,0.07427499272941789,0.10247026340281394,-0.15048531293107134,0.2259355937145845,-0.03610608261501175,-0.02200718220219211,0.27467874095448697,-0.09806003037934811,-0.12603852015657097,-0.143274636162087,0.14548417147826828,0.3206296100359358,-0.14578510713095685,-0.37139411717894294,-0.12934351425118576,0.32797702005837703,0.06329607762589745,-0.15136353415193943,-0.11652267203176472,-0.06219164351850099,-0.12037239973079748,0.01938376298868612,0.07922450707240715,-0.2939987243000269,0.008359259891342246,-0.12193154786943505,-0.0859748544094603,0.18877144369905813,-0.00048744767168133724,0.0,0.0,-0.0,-0.0,-0.0
uf,-0.17004189942221626,-0.1637888240724602,-0.09684066129641997,-0.018796828666327543,0.022089250830794972,-0.05557874149445968,0.0805745192286278,0.20568999159255,-0.0116392382918454,-0.12150691189965085,-0.13325191161468858,0.23812141146909924,-0.03953026882457384,0.0305083106690408,0.15650271919993525,0.09891890867367226,0.12585760797187243,-0.1032168986256381,0.07085225212114829,-0.05891212572197124,0.11152212771974179,-0.0025632605001112497,-0.012147839086256038,-0.11965518490358569,0.32711275343483753,0.27921233076946905,0.4578282317762325,-0.22034629339970657,0.09878607290907712,-0.04779269551287507,-0.36998517930861397,-0.20408100798894743,0.07910466047957981,0.027437779870867943,0.031307179315207295,-0.006513790425698869,-0.06135197836558631,0.02254293663279219,0.1496924351564113,0.0011515573503472487,0.0520415305771795,-0.14631346173152365,-0.010495291495520781,-0.009522195336361228,0.03734322092142917,3.15195108788367e-14,1.2447650092553415e-14,-1.2072309676366633e-14,-5.957664582882254e-14,1.596965651141644e-14
regions,0.1557064690524835,-0.06255970253690128,-0.07301112555929698,-0.02444584819504049,-0.15956177183581094,-0.21526819591743285,-0.0010170950068313245,-0.007778142721488916,0.01108542155757121,0.2635978049559039,0.1791932076094471,-0.4498724600023937,0.04829772230938412,-0.02320092102595264,-0.2771450933470631,-0.02346045540508175,0.1371030628194472,0.19374642323870211,-0.24681783507350094,-0.21174518375082285,0.2431564848176691,0.10518360613898681,-0.15307537448099987,-0.05811302834036011,0.4251305178754553,0.03543099907932256,0.0835034609589375,-0.018114223943698715,0.07541795122330917,-0.1680069118870805,-0.019161647289866253,0.040798662660639216,-0.005082824758820562,0.06737755985550244,-0.05723784855794993,0.015807300066193294,0.03830824106228662,0.03680401203471822,-0.11838645431927884,-0.0009530860700507996,-0.01742332116422892,-0.002833645107113931,-0.001069169358895908,0.00828204407223804,0.009028572806981178,4.0961354617073115e-15,1.4846027876510872e-15,-2.1937192747610065e-15,-3.2591506317301727e-15,6.691797701413528e-16
pib,-0.012593388534519603,-0.014135263514224472,0.015280154876887603,-0.004908889778749616,0.1793458562312554,-0.22413629746014752,-0.01955207807572964,0.04642201994553949,0.4015719782260354,-0.22110041421635993,-0.32853610748082257,-0.29064649328855374,-0.4412856373996306,0.48889274039041425,0.043545358607707745,-0.06906073118159584,-0.12985358525269777,0.2111632464251077,0.04027284946312011,-0.016614590710541076,0.026237609401876413,0.04878005821146065,0.038111143236858804,0.008981881916222026,-0.029976128485313395,0.01781134407623405,-0.02893391359409722,-0.0016734717724429075,0.018787501921230187,-0.009531104024525418,0.018293239833667513,0.008288526615827055,-0.0032947592130056816,-0.00620360077875461,0.01370253579261518,-0.0038683610057194265,-0.0010093419612311437,-0.01314930199544341,0.006934739574264496,-0.010174293819942056,-0.0057300203271687805,0.0007827079311621709,0.0011447906779984303,-0.0018659587862562836,-0.0018911843745321763,-2.492618267136068e-16,-1.7366552206946128e-16,-1.576031682498354e-16,2.099724080085969e-16,-1.8257336292576173e-18
species,-0.04043745690520525,0.06656436933638583,0.12232233282639303,0.06178282926940122,0.19252812928979643,0.10880945122700887,0.018620601450335825,0.013110453371588,-0.18157787529096894,0.36900400007668394,0.4540229216118006,0.08797030530574945,-0.2826222124757321,0.3834330944270267,0.40505502795494286,0.02793468321848315,0.09283775403056076,0.05567994990740896,-0.16388843116865706,0.04192212132175449,-0.09481522730249373,-0.024388842182992327,0.19067932590036848,0.016521384675653727,0.19553846096135288,-0.0931661980274218,-0.07882894434100558,-0.016258744440110905,-0.01455129805371256,-0.007210914226995973,-0.0655471004893315,-0.022384793035046792,-0.026908485295084265,0.04178104431655464,0.00020371371447803197,-0.0048245826900473075,0.002085764008825889,-0.05020280853798394,0.0027781449334342893,-0.007801688652260097,0.02471660719799363,0.013393326996218105,0.005279914699452724,-0.007148706184262367,0.003164957300627068,-1.9421371836224053e-16,6.675691935813141e-16,1.571071092843513e-15,1.8597442847233774e-15,2.6901347211207254e-16
PRD.mean,0.010877502634680436,0.23476660505448196,0.04562856201235515,0.10019718233535406,0.09535073132932402,-0.004157887745737923,0.1804253720209466,-0.2842024559502337,-0.06139789663205313,-0.05794904752616521,0.030822863472173875,-0.17423244524096324,0.06167144198883827,0.007501761885412281,0.0315888341611793,-0.266830726980433,-0.08825150871603886,-0.15359704328067272,0.04422978297866462,0.1603000572444236,0.0022138783129620407,0.026460128397747914,0.08402574853224479,-0.207235482536687,0.017724990474682026,0.018851191024315497,0.2249245706031835,-0.14980305073315792,0.033980545148790856,-0.07613606977197578,0.04398572684684271,0.03485863621640488,-0.0026146315654353622,-0.012241407810762979,0.008070320895921143,0.005624408219031849,0.02949923068611445,-0.004399518802377859,-0.010710209075291412,0.010093063226859872,-0.023965657909827014,-0.01169917484559523,-0.0018842041293366764,-0.00950723636425234,-0.0028851810512215844,0.4974395999623065,-0.11936576247748643,0.235553125455523,0.2672727611777549,-0.33374489562847437
FC_m,0.15277242355413873,0.12702864137174716,0.2260705649153259,-0.05623300070933722,0.011704072906110613,0.05301944604607855,0.09082005085122967,0.33719035024808053,0.07304969221692931,-0.10404265998164942,0.08504038642307649,-0.0021379524584774637,0.07567692848984278,-0.035804569616320246,0.1016101273778872,-0.050375844947888465,0.11529596724308665,0.044605959859260504,0.053569108994913926,0.16936225782659667,0.21531336098361786,0.016413860746216764,-0.018870750517830086,0.10095112586446511,-0.05060173079923117,-0.1383197303178245,0.08886751605934189,0.15394863917882665,0.6906975303415057,0.006930092339899355,0.05913789833161896,0.0252094183905445,-0.13211894824695877,-0.14662354943595063,0.151195299060292,0.14049894583579425,0.08806478206408128,-0.041306133253776633,-0.061578157174723286,-0.04190708014734989,0.052336385888481315,-0.014624582017053134,0.0048923704512820135,0.002073326527397233,-4.203263912807445e-06,8.608925969838771e-15,4.944201618229948e-15,-1.0606985902928357e-14,-2.3200445264202502e-14,-2.1986825768940723e-16
FC2km,0.16319274020326074,0.1328074330138846,0.22679226186998908,-0.07995167808370507,0.0034831092823738885,0.06601580807955619,0.0897280989833813,0.30799649837531173,0.0741783115239505,-0.11910301675792372,0.0698939395349092,-0.04131690735683679,0.04984264750237675,-0.04869360862863615,0.1059331247098665,-0.011520149782232668,0.07765947985318734,0.07642997623357453,0.023377692223476614,0.11486359655384625,0.15609226693762648,0.0096787482212208,-0.045590380041216974,-0.039463519342827345,-0.04970368099172393,-0.08580833606436343,0.057554641228694726,-0.09236505987853669,-0.13852094936747072,0.026759624723510678,0.1647187878997818,0.03539813018639429,0.34042247063330944,0.49571207624807684,-0.3114836905499689,-0.3057041497357852,-0.1507740025230273,0.11529990384887336,0.10046344466769414,0.15073227561326588,0.020515478621217643,0.051794358384745144,0.004327433160217791,-0.018353464827054012,0.007877084520516482,-1.914210767142716e-14,-5.202671588253364e-15,2.0464482587300642e-14,3.513347127112576e-14,-5.0520106837681295e-15
FC500m,0.17383468519999992,0.1291389507044702,0.19333301146833623,-0.09886749995801787,-0.012361888859857645,0.06768787719215895,0.0767010872493726,0.28670218629714866,0.07927570538807645,-0.1389017565575478,0.06832139423443599,-0.05311453613892033,0.05180337849782169,-0.05444316519477826,0.07418099361199952,0.006462634839841435,0.0644718076449914,0.08002773791968022,0.00952369726239284,0.078614093657539,0.1531051024542351,0.06877205130250084,-0.10646925203449494,-0.12072205208109475,0.07464073128325222,-0.13006735955317303,-0.004740547552397415,-0.21623688425211568,-0.5894414575610173,0.11082834968377575,-0.07571366166847752,-0.08395586672020879,-0.24811021607051978,-0.30539360505312707,0.1210374080874359,0.19340031881300765,0.1436064870584683,-0.07418219286457851,-0.04014671738160806,-0.13647526754367348,-0.042296123544189254,-0.02941414791585477,-0.007425808525219636,0.015355719636443985,0.002004766782494294,1.1675704499837349e-14,3.3344832668725632e-15,-7.46307024883098e-15,-1.1836848531983169e-14,5.674656647523383e-15
PollinatorD,0.010877502634680422,0.234766605054482,0.04562856201235526,0.10019718233535412,0.09535073132932397,-0.004157887745738138,0.1804253720209465,-0.2842024559502337,-0.06139789663205369,-0.05794904752616563,0.03082286347217353,-0.17423244524096343,0.06167144198883842,0.007501761885412191,0.03158883416118016,-0.2668307269804339,-0.08825150871603898,-0.1535970432806723,0.04422978297866444,0.16030005724442334,0.0022138783129604517,0.026460128397747504,0.08402574853224422,-0.2072354825366894,0.01772499047468025,0.01885119102431561,0.2249245706031855,-0.14980305073316103,0.03398054514878495,-0.07613606977198341,0.043985726846845055,0.03485863621639504,-0.002614631565427634,-0.012241407810771127,0.008070320895911868,0.005624408219013414,0.02949923068612732,-0.004399518802388016,-0.010710209075288,0.010093063226878874,-0.023965657909827496,-0.011699174845445479,-0.0018842041292453189,-0.009507236364096372,-0.00288518105114878,-0.4974395999622992,0.11936576247748634,-0.23555312545553014,-0.26727276117776544,0.3337448956284756
EUdist,-0.21882569534745713,-0.0005940777085642568,-0.19083519944156643,0.0421619008991211,0.028012146971412924,0.1502926883495745,-0.17991491981163701,-0.034865242335414846,0.0530745413310254,0.1861026972809173,-0.08182714785764954,0.03794400313082907,0.09708756053099407,0.10880659897359064,-0.019452276620449665,-0.09065172948016507,-0.03677308868864054,0.015861016348052353,0.06262652176244032,0.238086573978771,0.433357321547513,0.03623957388870613,-0.02456621587826077,0.0858528357532195,0.0016565497237520114,-0.12813505394602503,0.017312513865797317,0.0073207636522977584,-0.061278366889914525,0.0116122215419879,-0.0018694113544012536,-0.002005402189483076,0.005800534649560605,0.0037133682776164306,-0.02793419642123184,-0.0016915782021683242,-0.0023113020732827448,-0.01650072331468832,0.01662914379367148,0.0014119025269926204,0.01211190193291647,0.002624711628162622,0.0007932427197267699,0.0009867605364044293,0.0017235290056428077,0.1894887824518152,0.16660992046311074,-0.551872242335653,0.34584239026735425,0.11029598796776549
patchD,0.19526364435196658,-0.0959038050601013,0.040625192510619364,0.017693736152761253,-0.08662088945230337,-0.2468609472574211,0.21883074567510993,-0.12355214737595137,-0.2165782426277331,-0.014905371017018654,-0.01248209091006077,0.18105527770194896,-0.09887824082784248,0.06240486861279506,0.03385362791317957,0.14794676004609725,-0.320764416127722,-0.02859109724091603,-0.0002685987572402234,0.015877255268574822,0.2402396754068324,0.0345452098375255,-0.11606267979665112,0.061688345507102775,-0.02341804846776924,-0.14322527333800394,0.0022279154598539128,-0.0015224938314618269,-0.004043723749181858,-0.005923936720439999,-0.007094418541979889,-0.0060138161252310095,-0.006210394276342437,0.020361798928369007,0.0016044413831982816,-0.004819573584517516,-0.005533816699955084,-0.01273663231539635,0.011995562119059312,-0.002490943519320237,-0.003111121931082934,-0.009089882818590656,0.008910057765716706,-0.00039151893464822686,0.000299033899118989,0.1324951745441825,-0.44475941909963096,0.08764277148834167,0.11795762862372655,0.5128731132550961
CC,0.1729551901266548,-0.012012939912151192,-0.08864999259170905,0.34394764607307027,-0.0094282399938382,-0.049678263122578906,0.03250083337351208,0.10141009652910758,-0.03445647448222452,0.07040975355472842,-0.06914964554622488,0.06417679890597464,0.10055195514577085,0.0633464125788548,0.010274266632293748,0.046615527704652146,0.027778962655222665,0.06283187970741758,0.0335490953073535,0.17228548459853937,-0.04330541316142015,0.407850877739588,0.03857401820580841,-0.08455993716081087,0.07918301785703741,0.308130520983366,-0.12341022518614608,-0.0317157495786111,0.03597134663226499,0.4330721727301173,-0.10649001295361372,0.5133233050289285,0.004410479195998397,-0.007752724463469563,-0.01879441701604912,0.008070487369616129,0.020131065657508006,0.01781282411172062,0.052699083959541274,0.015549656497241434,-0.022384069316362738,-0.0034696199044497826,-0.009110229121548232,-0.006745927427567018,-0.006160356727613931,9.039687894234051e-15,1.0863087678326492e-15,-7.165786807007569e-15,-2.288579217025029e-14,6.510368843686589e-15
CC_ha,0.1323866284744537,0.039217403152419575,-0.09344178624941023,0.34852551568579176,0.026217108866566783,-0.05564392521038013,-0.005480101598919781,-0.09942898864399485,0.20987204081832164,-0.015327218807856336,-0.060462312171383724,0.028578479219650853,0.0675469498866761,-0.1566873519504134,0.17609354246336376,0.05675580510727058,0.09370529166426098,0.047336878318668986,-0.12565955601321355,0.06718205892979576,-0.21239463766484334,0.3077225856065426,-0.012293769101794338,0.6026188758841573,0.07774349499771278,-0.1804328144359387,0.2274764198667001,-0.16644558166358078,-0.059695521702822496,-0.15754738327764198,0.12427788000381726,-0.15858835439752555,-0.02927517393630885,-0.009022380639953899,0.010382926440664842,-0.021372884581131932,-0.040786229236684436,-0.0042796654077489615,0.011366109283986375,-0.007375549369699628,0.0042216902889739205,0.0006921606522171924,-0.008345602382542316,-0.003836732848587093,-0.002445314925609855,-4.140243553809198e-15,-1.2986686699034861e-15,2.046192726639414e-15,5.00998435627454e-15,-2.2331278423850713e-15
CC2km,0.19923781597339416,0.008179002070415275,-0.08021990683132858,0.2985914896668439,-0.011276488945105025,-0.04170873559769904,-0.028085398477033514,0.12864187098986896,0.04219989136552171,0.16005521300796335,-0.053921995318483976,0.00875662350324773,0.033363112826899306,0.1399824297114141,-0.12030975110322428,0.07427049350851302,0.11513491901181068,-0.13361730634173916,0.1468839693664408,-0.010697141998930133,-0.08025814933077297,-0.1439135726635044,-0.021799804666415585,-0.1029022793750787,-0.1924258286164694,-0.11773098623482803,0.045550150522463646,0.046064231317697116,-0.0606352462483802,-0.2043756751674433,-0.1192539670854703,-0.03195946706443128,0.1106063417303513,0.35362022708824725,0.09182059566524195,0.27347021313297826,0.5642455651190058,-0.0545465563521379,0.14903692350673842,-0.013878493936757469,0.038245452122437185,-0.039893745841595836,0.00685040861915681,0.01312199256713909,-0.006753840345049629,1.8822762844866108e-14,7.544106885204462e-15,1.6687708200440683e-15,-3.449072810092994e-14,8.630241896751846e-16
CC500m,0.2196578092695445,0.035055856483702345,-0.06209998664200318,0.16621584533895786,0.05468681765547599,-0.04088697836635354,-0.07609158985557452,0.08352168184141337,0.0618229009471936,0.20145113902579018,0.041713977401732535,-0.042621935992805136,-0.024067060559520067,0.1776595714267293,-0.21311882510937977,0.0913078061688942,0.09917567247609105,-0.1661851180464708,0.10106276543582164,-0.08353896890205693,-0.07848032145763499,-0.38969102006457174,-0.1142889077814774,0.018402503316683843,-0.1591952577900668,-0.21893825014410004,0.40306013125070006,-0.037987348615229316,-0.02349534902287952,0.2755779876952951,-0.06916121097275926,0.1366946462284627,-0.09173243326867163,-0.1711389265954087,-0.037149920385551614,-0.15909522147606278,-0.35592984469617694,-0.013051714599690102,-0.10787752272833298,-0.007151811174428655,-0.030915623561396672,0.01771300274152466,0.01122595853320351,-0.009586210623846866,0.010747893512114751,-8.034728865229637e-15,-3.0244799246324297e-15,-2.5552862082025544e-15,1.8128693239386445e-14,2.3106163303046604e-15
CC_m,0.17645299122822136,-0.013843603307446531,-0.09218320721830461,0.31987078479068226,-0.04549208995809083,-0.05438123993795505,0.05267113697905763,0.1929325299639557,-0.0264494526472787,0.13863855296480493,-0.06976384618489366,0.030758676901546156,0.07314821165278053,0.11853930380621328,-0.02714698061160786,0.07883811185267818,0.07553803652057237,-0.08283289148483766,0.12134145360405627,0.0876023326388528,0.050887336367122275,0.1336484259209639,0.11734149250674386,-0.31209271293523755,-0.07194751564597675,0.18480757502385184,-0.23772092288649507,0.04981907995111939,0.015372293449147825,-0.24019773140351355,0.25258325326020625,-0.47949491934795424,-0.025316897596350238,-0.20045018112981014,-0.02467186154724099,-0.15169842753265986,-0.24189763146750995,0.044862352337217436,-0.13679033912808525,0.005383910282429837,0.005139912292256741,0.015834385702419258,-0.001015312462141926,0.013251882136651448,0.00509103716963786,-1.6369953496555388e-14,-5.803297638714457e-15,5.5712649405544466e-15,3.682941808819912e-14,-6.981932830075535e-15
farm_size,0.033891231199688246,0.03446269216195161,0.05413223291746724,-0.08849954356406733,0.48442721991212756,-0.2820108031466402,-0.07932675469114285,0.017312790478195342,-0.08091463289613676,0.20093101522256984,-0.14691009191617357,0.08906819713984938,0.03895379152115879,-0.22819081457530543,0.001979701998398169,-0.03635781551228376,0.055453739877342,0.1510293438379351,0.06350166108398837,-0.0032596598285855017,0.010263098584020266,-0.004864116234726125,0.014899600558978673,-0.052656080987302886,-0.009867475064346357,-0.0212676323623446,-0.0076323060229058015,-0.0012680469214328518,-0.010550681717314717,-0.02104382398442687,0.009121152113190006,0.004523719040697271,-0.017778219284633686,0.004453904871207745,-0.0020550457787859785,0.00021055800482579638,0.0014256805096356847,-0.006819980662322748,0.0003438384000384588,-0.0032549290560473848,-0.0015054964662971398,-0.005493434927304323,-0.001769617326790664,-0.0012918646768949305,0.0016657011909329087,-0.0813587256707205,-0.4991268901173801,-0.3436963952529008,-0.16274678148344032,-0.3156570580961752
EUdist.mean,-0.21882569534745713,-0.0005940777085642568,-0.19083519944156646,0.04216190089912113,0.028012146971412882,0.15029268834957465,-0.17991491981163685,-0.0348652423354149,0.05307454133102547,0.18610269728091747,-0.08182714785764916,0.03794400313082897,0.0970875605309941,0.10880659897359103,-0.01945227662045008,-0.09065172948016531,-0.036773088688640994,0.015861016348052325,0.06262652176244005,0.23808657397877156,0.4333573215475131,0.03623957388870452,-0.024566215878261684,0.08585283575321564,0.0016565497237523376,-0.1281350539460248,0.017312513865799392,0.00732076365229771,-0.06127836688991332,0.011612221541989156,-0.0018694113544009067,-0.0020054021894868575,0.00580053464955461,0.0037133682776036942,-0.027934196421237668,-0.0016915782021706036,-0.002311302073290742,-0.01650072331470918,0.016629143793649992,0.0014119025269898864,0.012111901932876165,0.0026247116282026904,0.0007932427196825102,0.0009867605364094322,0.001723529005681603,-0.18948878245181874,-0.16660992046310957,0.5518722423356568,-0.3458423902673483,-0.11029598796776534
patch.density.x.mean,0.1952636443519666,-0.0959038050601013,0.04062519251061929,0.01769373615276124,-0.08662088945230334,-0.24686094725742116,0.21883074567511016,-0.12355214737595169,-0.21657824262773287,-0.01490537101701847,-0.012482090910060346,0.18105527770194843,-0.09887824082784243,0.06240486861279542,0.03385362791317916,0.14794676004609722,-0.3207644161277225,-0.028591097240915835,-0.0002685987572406779,0.015877255268575523,0.24023967540683236,0.034545209837524585,-0.1160626797966505,0.06168834550710294,-0.02341804846776998,-0.14322527333800258,0.002227915459852428,-0.0015224938314603107,-0.004043723749189066,-0.005923936720433504,-0.007094418541980742,-0.0060138161252332924,-0.006210394276341193,0.02036179892837188,0.0016044413831957757,-0.004819573584537168,-0.005533816699957203,-0.012736632315408156,0.011995562119048037,-0.0024909435193207242,-0.003111121931111164,-0.009089882818596242,0.008910057765686676,-0.00039151893465960404,0.00029903389914290475,-0.13249517454418394,0.4447594190996318,-0.08764277148834065,-0.11795762862372722,-0.5128731132550951
farm_size_mean.mean,0.03389123119968825,0.03446269216195161,0.05413223291746727,-0.08849954356406739,0.48442721991212756,-0.28201080314664023,-0.07932675469114284,0.017312790478195405,-0.08091463289613679,0.20093101522256968,-0.14691009191617355,0.08906819713984925,0.03895379152115858,-0.22819081457530566,0.0019797019983984468,-0.03635781551228387,0.05545373987734239,0.15102934383793437,0.06350166108398801,-0.0032596598285855156,0.010263098584019489,-0.00486411623472648,0.01489960055897935,-0.05265608098730215,-0.009867475064345108,-0.02126763236234361,-0.007632306022904865,-0.0012680469214317069,-0.010550681717309503,-0.02104382398442401,0.009121152113189333,0.004523719040701438,-0.01777821928463865,0.004453904871208491,-0.0020550457787738077,0.00021055800482800815,0.0014256805096331954,-0.006819980662307409,0.00034383840001149426,-0.003254929056049449,-0.001505496466291123,-0.0054934349274032715,-0.0017696173268515927,-0.0012918646769723616,0.0016657011905782393,0.08135872567072389,0.4991268901173815,0.34369639525289936,0.16274678148343544,0.31565705809617683
honey_kg.mean,0.00990595762284855,0.0025877271068518405,0.07451637957619694,-0.03703828394766699,0.02093634173713377,-0.19101835722292654,0.061084494774713456,-0.033017817000767426,0.6110869767249474,0.07933689877577677,0.3489948986560895,0.47157657598066655,0.2074081810155225,0.08791704636877755,-0.1777469205944185,-0.25630625877778357,-0.19963920142747005,-0.03981750050015779,-0.1016277671870151,-0.09795131781640927,0.0038529086273781142,0.01746008540382065,0.0338728688357466,-0.06629677404558662,0.02466177529900804,0.08863718368281463,-0.015985244651742038,0.035054666780763986,-0.016205090783475234,-0.015404404105124577,-0.006474620823201241,-0.008365293786061451,-0.01687256821305327,0.010935822049420155,-0.012408690518575925,-0.0011041942252561785,0.0019670082361568668,-0.0011525691158325805,0.02378272801619257,0.01343407753075348,-0.0028986120266635456,-0.005607859738734424,-0.005903495839033267,0.010527760572617454,-0.0011826072173500655,1.5254662052523708e-16,-1.9412049123768437e-16,2.744699351815195e-16,2.1185178174008063e-16,1.11549984926083e-16
LUD.mean,-0.05386651037502926,-0.031158781358490827,0.09044964504532699,-0.28239920477625874,-0.05753932234788614,-0.13565285736834298,0.021351077280898394,-0.30903587476021244,0.21528747805291878,0.07528185887488832,0.1663079177423695,0.007459338689990905,-0.2529865865941272,-0.044948440302109524,-0.14066955501394368,0.34580313104577115,0.4169133155099913,-0.24154946954682938,0.2930648143266838,0.2487141266830358,0.02173569380699481,0.2950711325035552,-0.0588193416320904,-0.06961205810457219,-0.07997816352498018,-0.06989579913887231,-0.05333059651893867,-0.10991600694396979,0.03775477354899271,0.009877048880312773,-0.011354495587829997,0.00761539495892538,-0.003360197139282641,0.026200572655097582,0.0227266781920675,-0.008985194061895402,-0.016980402350060465,0.00526403348288118,0.0026507068363185436,0.0014779120913846807,0.0010212678025590459,0.008146653328872554,0.003212978506621309,-0.005803049428572246,0.0015953302568950595,-1.0684522987416355e-15,5.472805178789936e-16,5.655753624558524e-16,4.965234812942644e-16,2.9610212344769056e-18
coffee_Tassistane_P,-0.06574344386361247,-0.12304695561066463,-0.004200299598458896,0.14597327029137913,0.2652582986836945,0.12359386977285883,-0.028817460866120175,0.03162154273639518,-0.04402512275393779,-0.2258248544913058,0.3688128693973811,-0.167951022661351,0.09068213552906072,-0.028308914364017435,-0.16874526094839676,0.21252672635059763,-0.18435185470417434,0.08696644853183552,0.3871029613496294,-0.3519077561613508,0.18319959284933193,0.18355076268453926,0.40300858677248497,0.08920843977947052,-0.0701764081452696,-0.05134830144484079,0.06973994725876864,-0.047173619564560836,-0.0152024648997977,-0.02655826570541234,-0.04300878081151033,0.019098295419104815,0.01610676775353594,-0.0010212616454106866,0.022332027441977008,0.0007759096574113867,-0.0086124300266963,0.014274926632555604,-0.003768343531952501,0.00034497206138544054,0.005493164765631591,0.004413796092606209,0.01046571629698534,-0.004687853403207314,-0.003565264425805677,-2.709279497924058e-15,-7.55084440414252e-16,1.216017087071876e-15,1.0681144882116619e-15,-1.2920624493653775e-15
mechanic_harvest,0.09056715493016365,-0.04276124105306588,-0.04532775115998481,0.21910946565233175,-0.01593365508951301,0.05925131318331336,-0.05864087816077621,-0.09161868811846512,0.3698390615794289,0.11695424936700916,0.009777599998614295,-0.17132764288714647,-0.23015966060110482,-0.4780615539629595,0.44780091981366743,0.1370753542286671,-0.132242193517546,-0.20203385935321025,-0.06251880925322627,-0.1351853747290432,0.24847816241552861,-0.2015230608139515,0.037330090158945325,-0.16338838873233702,-0.02285917548984077,0.056730892731989224,-0.10296771805722933,0.0550204470791018,0.02890267763583052,0.063809749946559,-0.07297318816784765,0.0644218057315077,0.010172149344135222,-0.015257989614699135,-0.006846881031224668,0.0035079987598693714,0.0007792084722858099,0.016789269131527663,-0.0031406036816330933,-0.008650856398449381,-0.0010609753815402502,-0.00045928536914424466,0.007396200654433383,-0.008040162133526117,-0.0008698501480250173,1.362413607593619e-15,5.784369898836677e-17,-1.865029628706625e-15,-4.269156110985254e-15,1.1457654266192132e-15
coffee_irrigation_P,-0.02435998439502862,0.12683877860502082,-0.12242862889622297,0.16647156989882153,0.12286082364497979,-0.048967915651686685,0.1746924415617969,-0.3125105813625065,-0.023515557136569682,-0.29175245870369815,0.10426654339259929,0.11200252000870953,0.15871250280623536,0.15599950632620493,0.17107034895326534,0.06502484878978058,0.47476724253336594,0.24836165030268542,-0.09907381118751485,-0.21569111456252513,0.26964374963801413,-0.1655830503669596,-0.23295707693628986,0.011735419205706555,-0.22386424892075324,0.1764897694479345,-0.053153061602258314,0.11764357669211387,-0.05212349262231135,0.0001298542964942699,0.02616847065747912,0.034404201790316634,-0.013434744487990763,-0.025678268087584614,0.01400828775884957,-0.01565193793935746,0.010974857830157636,0.025279028785190165,-0.007495177379870095,0.0011777066883949345,0.0015999657359017302,0.004015570365082615,0.015047856955087405,0.004559160216698712,-0.0005226509085350479,-3.811253345245658e-15,-1.1105062498082645e-15,2.6037217245916833e-15,6.71149163986886e-15,-1.9916913007710508e-15
ncoffee_FertiOrg_P,-0.0872680049858263,-0.013465440467819534,0.01227688415832558,-0.2066822061949421,0.02655207716605735,-0.16499378417227367,-0.036217768359747604,-0.0364257534303256,0.11709610220873493,0.09626937086340502,-0.012615360529375005,-0.2721819817205263,0.6083886805380955,0.2505355907396024,0.3776673966505577,0.35497646406990646,-0.19862871512688932,-0.08026143057465782,0.12593179450674477,0.022853483441009702,-0.1610143492401547,-0.035082744978729555,-0.15223252943994234,-0.02541832190003262,0.04642104978709458,0.0144751615753182,-0.013601956068898231,0.013827743949862144,0.03015334066562083,0.02890324103675726,0.029849007355873165,-0.011288668021797272,0.012536897510422963,0.007765298938863402,-0.0017384717214739473,0.012418911397771014,0.011364077614614703,-0.014340660072129136,-0.0026149186171055506,-0.02005440351061154,-0.008304641854955995,0.004464553099142526,1.5614365105812272e-05,-0.00600812536787904,-0.0002714828773722146,1.4584041722287368e-15,4.458676025753911e-16,-9.773437134386997e-16,-1.4912554629823888e-15,1.00132744531169e-15
coffee_agrotox_P,-0.09733272221335276,-0.12106163603681704,-0.003893530704451844,0.27281021054500004,0.12702594076984594,0.0842907726403584,0.02996522685360752,-0.06114753596964198,0.06843174877207259,-0.16271087725191158,0.23184750799688275,-0.007395713822852371,-0.07927131161744005,-0.13165809510048654,-0.15984827450604072,0.1543892198770719,-0.16018708221570524,0.3440066393592527,0.19259742665184498,0.4248091197792581,-0.1822109306043533,-0.299911588634037,-0.3417646275450226,-0.08354575996674689,0.2953811071963588,0.009198570298538876,-0.07947536987354262,0.005337525170654372,0.05631427721890453,-0.014625672668177762,0.02087429092133476,-0.06725386278935913,0.03732343585465352,-0.01626160808281525,-0.03802044624889396,-0.0030853751782270664,0.015963027797002222,-0.01247386453174855,0.022191931426465247,-0.023508423916752674,0.009586145609259706,0.005194649156761584,-0.0030626476175628185,-0.01929850164019879,-0.001176021447471642,2.653355239459697e-15,1.1939136126735475e-15,-1.9725004596601007e-15,-3.839270413445407e-15,1.5092639365058018e-15
coffee_familiar_P,0.04969105518352033,0.05535815681825565,0.017071154185091343,-0.056632121351191,-0.4002682320487459,0.025906112581986638,0.10909753853463877,-0.1234801385590243,0.04227375393935795,0.27375353630033017,-0.08846015472004237,0.08818256319394806,-0.0340772902391676,-0.05650223272081363,0.21974640772035148,-0.21963966831816242,0.03198368282250492,0.46683667258369976,0.5696014660407892,-0.17174099797216927,-0.08542181462061024,0.00043960224900485735,0.051902681813977926,-0.02938940174931612,0.022696569900327146,-0.03749501270895859,0.12605182669395312,0.07710606131905205,-0.028323700097647796,0.00550803806532596,0.002023947554494499,0.007754042027143319,-0.003546813676275043,-0.021360103500800257,0.010152569398652507,-0.009327212059752704,-0.019898722876282506,0.00887171753604489,0.0009652610510237781,0.0001942554032645404,0.009000964707970245,-0.00041934408097702136,0.006419999509339691,-0.0067240231345685846,0.0031100557062627406,8.163863304142536e-17,6.743197214921882e-16,3.7144634377939796e-16,-1.6339911388631343e-16,5.0600074178964365e-17
x,0.2203350854028323,0.1634253247236897,-0.036011678110331014,-0.0681705686191809,0.05083761415881718,0.03834495112670647,-0.0299783408696174,-0.10819700958047423,-0.0037152341018068824,-0.0003837570169291426,-0.012945520303667012,-0.05725105294438708,0.019086023229563744,0.04150056873692912,-0.07600414631020148,-0.03398611213193179,0.007977139048724286,-0.08541502362103642,0.05150292736178531,-0.04420420939325469,0.017211295352626353,-0.0498799372415096,0.02565758885948381,0.08372770895064666,0.17679010126873274,-0.026888497719124976,-0.12728653276840238,0.09192016838328675,-0.005723126349926612,0.07927929410912977,-0.002143754639054609,-0.06500843641830577,0.17568348492171118,-0.21863391009866828,-0.01634757489935569,0.028755362870747085,-0.05476402867527291,0.27255161497954533,0.5241617416005403,-0.20506121543439254,0.5296913819108392,0.03117499941603856,-0.03575342005426734,0.14714640530390377,0.14748794456712047,-1.4617526938582223e-15,3.3437546991945996e-14,4.870924121390115e-14,2.572108166912494e-14,-5.436272443766388e-15
y,0.12405504262726616,0.22932823495081398,0.0014964705021592514,-0.1051425848981433,0.03269945774590239,0.14754654939601144,-0.1804656946346119,-0.011580441782795992,0.0011667817420527938,0.06965255824134653,0.030684987190577506,0.08499562197765262,-0.10032837421770598,0.03918561015199969,-0.018721531345299344,0.18540719339590486,-0.1224503401675142,0.06035339950359336,-0.01764196279307277,-0.0343294360715417,0.0075530445695447665,0.04964853124094964,-0.10888343483453752,0.022602394575955236,-0.05165061925764297,0.14796128813555806,0.14179125817993624,0.0036037788494197444,0.0232325928270347,-0.16613424369101787,0.05812190904385898,0.08441919385960285,0.26775468196706886,-0.4150331268352365,-0.11482340551635525,-0.20003661286153576,0.3102239574840516,0.08985351705857329,0.030825431627916535,0.3011924274750085,-0.2672910675650783,-0.23386893712667467,-0.12925981288650037,0.2271516743590632,-0.012931522064488797,2.920180177594485e-14,-4.272405520367575e-15,-1.1837446281291008e-14,-2.478720906626643e-14,5.734363875663661e-15
elevation_f,0.1775204798614614,-0.19667900080123846,0.05501302560434364,-0.047492049891625226,0.044630672338575185,0.08916494546807156,-0.2139238907855903,-0.0405534314372275,-0.018695644472851037,-0.04722386917128772,0.029902944331428073,0.08563651560368792,-0.015353472701801844,0.05735637388312708,0.08785224835274782,-0.06266115890300088,0.011276747703975628,-0.025335488537128838,0.03046411933570297,0.005371311751460417,0.022690679501804836,0.01242744851424675,-0.09396711224005727,-0.04660417019273622,0.028424595368451558,0.0743599218026664,0.07947820999661823,-0.04959430515942529,-0.08063415986653806,-0.19618825381093383,0.24022130036153033,0.21918432446200622,0.4647455998322363,-0.023967970786682672,0.2866180755777594,0.4698351915978635,-0.31876055830383443,-0.04824871114114528,-0.18330327456832704,-0.030015267612964518,0.03908365103873685,-0.030731408079571948,0.037756259084256734,-0.011551377346494928,0.0042004521325699675,-5.597163779523927e-15,2.8024510807288884e-15,-6.377053826355623e-15,-1.1580594135158786e-14,-2.116400771595514e-15
temp_annual.mean,-0.13259347577255665,0.23867465747121666,-0.14970587327904633,0.01664486196974983,0.0004762352292511099,-0.023684821079614785,0.09994166041819666,0.08003424350528308,0.00934897113564152,-0.0006143848007086972,0.015106320041093793,0.012972426399841145,-0.049444858530952616,-0.04970683621844452,-0.01222505126325626,0.05852725045977329,-0.06344884847794394,0.011275330251058327,0.011887673561438427,-0.05993368345018078,-0.04162681503375848,0.06951854984700595,-0.07625160674311043,-0.027551450696239495,-0.027771976415014138,-0.039762541902467086,-0.039359211439992645,-0.027205591519483856,0.02927342911090003,0.027530764219272724,-0.05436365859193435,-0.016070487429064872,0.017376747011507265,0.1076942719109282,-0.05968578727623199,0.16700356382414996,-0.11145574585712313,-0.25483676679210776,-0.15753591573730633,0.08204720596684152,0.0215644037994929,0.11742070804300817,-0.03968855367079048,0.47939852964793755,0.6696435354741715,9.696957187329487e-14,1.2580498471283424e-13,1.0854029238213517e-13,1.0262003683257372e-13,5.421650613053453e-14
isoterm.mean,0.13561227373871232,0.13467854659339698,-0.14783972979799734,-0.06487754464041734,-0.09088356709052496,0.11777515080860287,-0.24781253586719093,-0.16624088783439986,0.05436571241703731,-0.07590083992672916,-0.0611536457049271,0.1327040680668674,0.0555861890562001,-0.009100849199646136,-0.02584798146862829,0.2850607172385314,-0.08030855381485978,0.3837087649383246,-0.32509599114599314,0.035401646614712644,-0.05681930625517627,0.10698437865891913,0.2007395724656237,-0.41448805009856254,-0.11294204075956696,-0.2588272571389668,0.14698624231672824,-0.16754106331963559,0.14229854622692678,0.08298477975296879,-0.0458093578182131,-0.10470169018557228,-0.05410700439431216,0.10782528206657925,0.11724347268133356,0.03525426764210734,-0.06012759456236002,0.044837483144713496,0.04667864660388329,0.0009901799094195621,0.10419664441165133,0.03802566142419625,0.009235993556967652,-0.06016882160137229,-0.026294823059376252,-9.560782207231133e-15,-3.876193596967104e-15,-2.311665370358616e-15,-2.8551851941826745e-15,-5.360454818666373e-15
temp_season.mean,-0.18436792482903422,-0.17559291636797594,0.09873389941784838,0.09216141748172099,-0.09180631819848603,-0.19739528669414136,0.09388611979786902,0.03887253519747608,-0.004686853173831575,0.04711628534755009,0.02909996248873534,-0.08507104983536862,0.04901162190212579,-0.019850549450324797,-0.002433057043698571,-0.03618734660858548,0.07020226125115112,0.054291096713117,-0.07654542090482698,0.09942306536148808,0.016473453497687078,-0.1407285745058563,0.16582697987803593,0.027591137596935596,-0.05521622699270151,-0.10302482149269614,-0.0331416247564654,-0.09488619756112754,-0.05056227709363551,0.15215232731258563,0.09868048854506802,-0.0257856225664003,0.03420955642201801,-0.061078708760128886,0.37473398357852733,0.037436759700527206,0.040118743460315714,0.499131819367837,0.06827367402722097,0.4334346985717376,-0.07924568737033369,-0.13344649984122506,0.04744824582919995,-0.028911952812738576,0.30947519618307073,9.442694233781855e-14,6.268617694877627e-14,1.1598244758578826e-14,-8.997283407024486e-14,5.062048537922644e-14
maxTemp_wm.mean,-0.1749984756488107,0.14285840195935476,-0.24556024264598597,-0.041654306931156626,-0.05800597544333532,-0.12212917200223156,0.13995277848458118,0.14686743415484096,-0.004469939661226667,0.061996483085259735,0.08124021900146335,-0.005823983732705633,-0.08708753184261006,-0.049479201284301,-0.027112352979195183,0.0962544975327429,-0.013718534201268884,0.022081418352286202,-0.031100564595938247,-0.059517407147366565,-0.006874804819756779,-0.057873519086909124,0.04918086483457012,-0.010654393387675536,-0.05046734082724702,0.017690297119487414,0.026980090757963465,-0.12987240595695632,0.02823335338631367,0.06849004507298954,0.40906918446263574,0.06214371574134546,0.019116252020211704,-0.08870677270646309,-0.20553170154394884,0.207443499960175,-0.003787932200490675,-0.20962233589970725,0.24898916568743826,-0.051533385731363006,-0.0050786716228119685,-0.29896947224238063,0.08325655455956264,-0.34994692038021186,0.06370426717924901,0.25105259578104,0.06016526241846162,-0.06805409338609708,-0.2965500328948848,0.06715227758947742
minTemp_cm.mean,0.008008421493013671,0.288373597726177,-0.07435170812969788,-0.0187766933622187,-0.013212824000048544,-0.012311469490247274,0.07834703773227844,0.030312501981893787,0.016692463712098184,0.03202978271186588,0.011799906539915018,-0.04817865558236497,-0.0008228996550399885,-0.02386165898602541,-0.07200428214079092,0.05256922101152152,-0.037381360118481755,0.020622765864819422,0.0035813664791693504,0.015375302875216535,-0.006201842660253767,-0.00887326830626814,0.022808707773854905,0.0820911761495391,-0.01323304628530992,0.0023141370054809095,-0.1398692854887346,0.06404239958538543,0.004184982069492282,-0.04497359757117341,-0.18410541563531965,-0.04002309484929389,0.07486154306711316,0.016583903784040822,-0.01507305856377018,0.15930346589918717,-0.21128672524876352,-0.06925850721695903,0.13392440294597147,0.032713836732231605,-0.18216342835494362,-0.29822941084483984,0.135049954088161,-0.2895819423501439,0.037059833557115306,-0.436464491301516,-0.10459959823874437,0.11831463107688098,0.5155635170796813,-0.11674678999682464
temp_range.mean,-0.13083305768658768,-0.24826381204696454,-0.08053871244052048,-0.006239877568062452,-0.024262644675514106,-0.06975486223538575,0.002592452892860463,0.06521381625363794,-0.02319299962010029,0.0043708708905303385,0.0420540991287174,0.05397303809903235,-0.05931965095918919,-0.0055366088522194245,0.06791594013875059,0.0033663056076043392,0.035506089878614824,-0.009537503641659749,-0.025849865419628446,-0.05972898028464165,0.0027059321089631136,-0.02939566805425213,0.006597738756671301,-0.10621485889290411,-0.01901759444724664,0.009464813995792134,0.187084716959716,-0.16704604427105177,0.014513691669486338,0.101578622883293,0.5049510382859292,0.09122329979326244,-0.07689354519925373,-0.08139851976733505,-0.12418840226880812,-0.048138639014397425,0.25176246093126675,-0.0617828951243377,0.011188797995093947,-0.07507514170785715,0.21580462473407722,0.15201902121082728,-0.10494054313217734,0.10630438807914998,-0.0005025412375679171,-0.36251704287183545,-0.08687794263862912,0.09826932325830828,0.428214815521522,-0.09696711168471117
mTemp_wq.mean,-0.19082237176215328,0.17704569101105366,-0.1431461827785811,0.03850429597568833,0.011806250373064875,-0.08937499752629795,0.10685262049624604,0.1013827683956806,-0.0030102730306675804,0.00043487786370723937,0.04971113582730369,-0.014963705701174503,-0.051267716419495256,-0.05897526063155654,-0.014056051637650587,-0.01921546221940892,-0.01706862447375285,-0.04728890898370993,-0.024601151908966376,-0.10011771684426353,-0.03198604882731168,0.14164677294891886,-0.11262911136407192,-0.0784928278418028,0.07728877692359319,-0.17644337044218847,0.033337853523078255,0.19369611297483083,-0.03083682934235857,0.21487197064612545,0.05737267962139817,-0.09409160006189599,0.42479676754095325,-0.02373327711414388,0.4997792529894377,-0.3362113748855144,0.10775198483304176,-0.1251376740759279,-0.05362668702256689,-0.2725479826163077,-0.09320953170665407,0.08367590175618193,-0.08191537371912379,-0.09863052299668713,-0.05086889672004885,2.4055016907011634e-14,-8.73431735678568e-15,-2.2600228184519068e-14,-3.694677902369918e-14,1.1898767521654181e-14
mTemp_dq.mean,-0.10905671640266017,0.25245254621750546,-0.08516095988729278,-0.011904570802102363,0.05176767666531058,0.08808123778938594,0.01205392543330977,0.08855150565777843,-0.00643010882149806,0.049822112995833556,0.0063678178369377,0.09070241759666321,-0.11132397583558445,0.013859200145626973,-0.003522692323140499,0.09760713006928529,-0.12721837941955447,-0.047943029112943236,0.06429972423677867,-0.0801486458920985,-0.025533735489480337,0.059081237093857,-0.17656317747773295,0.014666806718284377,-0.012864185180453722,0.0875804266909486,0.042859315556303804,-0.005988371957613816,-0.009157051280920479,-0.0924421519270281,0.11578153684586802,0.1027687025040479,-0.23554182963509768,0.23031415616773718,0.03184912001241738,0.08449138025022938,-0.0315710391056004,0.5989851346633406,-0.2655460503775643,-0.33881438730714736,0.016704979786791543,-0.1764536265214932,-0.252627746822301,-0.03912753428355758,0.015069868483360055,7.161463700922263e-14,9.259775115169815e-15,-6.258221775559403e-14,-1.624748835769572e-13,4.0145522425040114e-14
mTemp_warmq.mean,-0.17770664092934207,0.19388649213236395,-0.1319894398124292,0.025994253000858253,-0.039799608406100036,-0.12592460963320942,0.1641783212314697,0.10944079197781102,0.0013400037603385666,0.04384438154142798,0.03699732585207869,-0.04620988724841217,-0.03304117183167247,-0.05029746750647647,-0.030526320985610617,0.03868765542265384,-0.01613922646113549,0.013193731074731263,0.003009423686809257,-0.02015029853000245,-0.008578233734791772,-0.04608850491530083,0.010609109791835474,0.03167393990675209,-0.013303174039984812,-0.039248304205703494,-0.07315013473778416,-0.10047563172513062,0.009116038971720291,0.10147959936168034,0.004453675639447347,-0.04908821379876859,0.03878524331147404,0.047986638635389614,0.0698572735191846,0.24488042847741473,-0.16474266656837633,0.01965578393176338,0.043751198263768366,0.23697434196564476,0.08611731311808828,-0.0008904309143822781,-0.057292749160637015,0.47493514974509643,-0.6482505919377018,-2.414371516938531e-13,-1.4755192878495865e-13,9.877245671916337e-15,2.2788761572890324e-13,-1.4529916765481587e-13
mTemp_coldq.mean,-0.15738257327175462,0.22925357374853636,-0.05827027119848534,0.011361330465046343,-0.004294004136938866,-0.03784992603758723,0.09793392357896816,0.12745425585438316,0.016234591499353586,0.02131251342009955,-0.027122964245689572,0.06662619311938765,-0.0597804307725437,-0.02139636428179795,-0.014848911290290465,0.13259862270269335,-0.062408314358030285,-0.02387922710404359,-0.002454378913473212,-0.014202314150179068,-0.02886855090642861,0.050054032491679924,-0.051297077904682555,-0.006734975467736659,0.01166022749918992,0.011871797720527457,0.0855558341360003,0.08491946932995201,-0.07175739317527911,-0.20096479075048296,-0.11420175702011115,0.14584996537966766,0.07271457150503513,-0.19729238778079974,-0.08792638996011655,0.07671568280830314,0.07583059942200951,0.15504725762814944,-0.18635427965168014,0.25983740548997897,0.2882822417343139,0.5314613986525855,0.31246775100356566,-0.3233513806036771,-0.034314149150536,-1.0091171149529412e-13,-1.622539687845465e-14,6.016350881994554e-14,1.6872862159701394e-13,-5.718301286884719e-14
prep_annual.mean,-0.058063558804680296,-0.1599407558067732,0.05928269642721502,-0.006680213798027995,0.1292310345649437,0.3403234894087695,0.40713867795579733,0.02938548471409775,0.1016677108104242,0.2376169589118653,-0.16902641870801605,-0.002729486579981083,0.05203298563417477,0.029283680190476804,-0.08723872779794348,0.05623338428450926,-0.006713649585634508,0.06661654824532914,-0.06997685123181718,-0.1519937957424947,-0.010365771564941274,0.0116356061184025,-0.14394161542303827,-0.03635013266976559,-0.10851739026727023,-0.08292161581635364,-0.15279263004843366,-0.37574083928750734,0.1327405022042259,-0.21565712760377836,-0.028973225068318394,0.15632300602075044,0.02551173294323378,-0.08164937156960488,0.10679132641457072,-0.03869041079711907,-0.09542661144901128,0.03627915355748473,0.2794645428993083,-0.1204529598090987,-0.22688988747189154,0.2334801404135898,-0.04221642543189965,0.010195735614438648,0.012333976198860565,-2.6831362294708124e-14,3.541281141590712e-15,2.3638704603379686e-14,7.566327887945344e-14,-1.1067587292101522e-14
prep_wm.mean,0.17157975583044102,-0.07612700699094312,-0.19485187589389297,-0.18527892750012226,0.09149795105990757,0.14719543309586056,0.334161230878128,-0.016253809046932494,0.08649793466521083,0.07625317160532394,-0.044028880866594414,-0.05232714042824232,0.0312014296818275,-0.017675370745082762,-0.0541038950594877,0.07134041484271622,-0.00259572005061966,0.059481162282143035,-0.042334060201037936,0.14605648606776964,0.003469962379989278,-0.10584657902871847,0.18028990762884392,0.11243041897545393,-0.02371340814061011,0.11485246311053962,0.0015204005066561759,0.06942354297601337,-0.08718620365661721,-0.01049086423197185,-0.07069882456930551,0.01642621860967968,0.028336436774515108,0.021206427496944603,0.10806325811173319,-0.035730706529315696,0.01816912473341081,-0.17199634884067608,-0.2140407167776769,0.2284887687929469,0.3081846935133598,-0.07753690693737109,-0.5697642883551324,-0.20136443311733407,0.01825718799852185,1.39939673524975e-13,2.082487833979367e-14,-9.735239535233381e-14,-2.426760081823254e-13,7.155301193416042e-14
prep_dm.mean,-0.039594121196158134,0.17768689784906244,0.2527311451512668,0.10257454685152384,0.018706815347010106,0.14058211590636616,0.04822425255595822,-0.10849037295682802,0.06647020776476488,-0.045436484721094954,-0.3088453945289385,0.1772241422982607,0.04864156432775544,0.05946688079371953,-0.11488002641734103,0.25413455214142694,0.08362485622536753,-0.12091714491041183,0.039960478553671276,-0.13729725608421445,0.07247398103348314,-0.11034350916840382,0.18161416882668896,-0.04520933343919813,0.5090935536072283,-0.10493867214343566,-0.002650514083472598,0.23048570898017104,-0.07201136345410723,-0.03239785421902153,0.29452509200379445,0.15247139786373234,-0.17706615724785094,0.11131862715998452,0.11316677637238165,-0.011463720538496461,-0.024613588742398374,-0.12570975034071724,0.03897252074074544,0.15340458614717944,-0.08910699021998321,-0.015513761224242521,-0.0010305863475123427,0.028649816181702068,-0.009255755933313028,-2.675712394827121e-15,-2.4947743057905058e-15,-1.132141666194728e-15,5.14221899636269e-15,4.360865243159959e-17
prep_season.mean,0.19815460746197683,0.011291856685167438,-0.2730101602512992,-0.18935822162153473,0.012875121641815337,-0.046970673587713424,0.08356190016227068,-0.0064464520297077095,0.013119850620338266,-0.04040745046668372,0.039483838012530005,0.014407339521054292,-0.017384868064493946,-0.005839453288936784,0.005960326104400081,0.056441669086151385,0.03565989952734619,0.015652616936231222,0.003961821937636223,0.1821279188236654,0.03786161064206744,-0.16171645763239267,0.2959602424042436,0.11087309215454752,0.1022169054158285,0.15070703810153582,0.11382182253153562,0.1414320564871688,-0.023785013889209977,0.12892800810939625,0.08273687272789375,-0.12005618903061523,0.06365664114186198,0.01993199079887453,-0.08352524959707314,0.21375519406789548,0.04083178570238939,0.17466360883636495,0.07710374352099018,-0.16680443243767185,-0.5017863917314059,0.43378498847378516,-0.043164569532126336,0.04389906419957426,0.011870524633831314,-5.352414044829205e-14,-2.927247523734402e-15,3.922563673497816e-14,1.509770765839775e-13,-2.2326051373332272e-14
prep_wq.mean,0.1386976717316858,-0.1262910768394879,-0.1938745013875302,-0.18280920641611512,0.1395524590277116,0.22460336134863093,0.2953293163021325,-0.017908244031377085,0.08388537158283242,0.08726752545651821,-0.04516318905128562,-0.01675211629454683,-0.0016386747607251056,-0.009576633001221696,-0.0332344018286067,0.05361476030290683,-0.026701247159710208,0.03937090737819455,-0.05137779889080633,0.09241593364945122,-0.03323663156720812,-0.008490920330099641,0.07806673718778347,0.04234283109557263,-0.00441250748959507,0.08571853677139533,0.08046164801767901,0.09722291365264639,-0.05747992973181301,0.05506245614842069,0.08084504455955259,0.0007434917682493092,-0.012656763673537637,0.07146921039828329,0.09008156621182037,-0.13404903603405463,0.1016645742654333,0.046748817375126435,-0.1994682507584039,-0.09743476779229804,0.12706545717156809,-0.2723857569049153,0.650232982098306,0.22359566063325614,-0.018278820559141287,-9.965623735015721e-14,-2.4476259041095013e-14,7.05544868351056e-14,1.3585801139899332e-13,-5.76336405119344e-14
prep_dq.mean,-0.12725592004793998,0.07797736726798649,0.35562186867282214,0.12834327803074283,-0.07917560642416578,-0.02427306478021251,0.07345194826816694,-0.1215407975395952,0.03593501661292055,0.10387612239214476,-0.17529730942593577,0.0388946730617971,0.07215730680013334,0.025729775645145714,-0.12528012424950172,0.12270611132663918,0.03721880908744854,0.0710596165508047,-0.07079312162681992,-0.02078909944045892,0.06996398036041887,-0.16015642921378137,0.21341546104710885,0.1255067782543416,0.008157185607489572,0.044745293490848465,-0.09107086571880706,-0.25842773171864103,0.08007692745038347,0.23338256997223242,-0.07787966798259356,-0.1513881848164195,0.3680971496185615,-0.10154714747000816,-0.2484625967513203,0.12320895010558056,0.14399518977803757,0.032234463738980305,-0.3629302865619784,-0.26895822779808304,0.0652963143812037,-0.05550998232567274,0.0004525259563071172,-0.011917394648290613,-0.006733316461653148,1.5813260978474625e-14,-1.14836879095479e-15,-1.5456331671979205e-14,-3.1626273494485085e-14,6.563801951448323e-15
prep_warmq.mean,-0.0604075915506352,-0.23448854156611784,0.030649621117444088,0.04783869665601032,0.16905644310611898,0.18712693638443104,0.20009192848162952,-0.05948843541257068,0.03860150262638497,0.01683609006818882,-0.05999636105433146,-0.02694249812883422,0.0021244912409657053,0.010646130479268202,0.024657523196079265,-0.07457981451541161,0.037326914854694124,-0.04746010645618715,-0.06535297824205964,-0.1207286024980874,-0.09482121129513411,0.28958347675160145,-0.18000814823218905,-0.19857847294848666,0.016611418688226864,-0.3022825737357334,0.13519566088614934,0.38776618261532664,-0.007243338032773978,0.22991035589338982,-0.016401440266951235,-0.19450764980482071,0.10224902531633674,-0.08479664279404185,-0.3418626615007925,0.28494487403193347,-0.0015920719857160572,0.14801613954482892,-0.016936100036442584,0.13219307723505655,-0.07372838457876152,-0.0872714961665842,-0.09650253990363597,-0.04450834136969494,-0.019183812457818118,2.1023744661493578e-14,1.4228916144740095e-15,-2.6590201972780978e-14,-5.433180228072453e-14,1.3528629738996484e-14
prep_cold.mean,-0.115684061927821,0.044826207534672764,0.38281034592499136,0.05896552109908649,-0.01614876561516583,0.08810411382070091,-0.007640830107392246,-0.042607745075158354,-0.013928241212116093,0.23599054917476192,0.024388168890821994,-0.12626868691175047,-0.07086114954256027,-0.03341349421030717,-0.12074057785682009,0.14504280746418988,-0.14058040296745378,0.11550317639883734,-0.12955214744785615,0.05862876005238943,0.06611634912375475,0.09625922919506914,-0.09996327389109874,0.08498018982400204,-0.26305617075748505,0.44128620662881773,0.32112236261979976,0.22921832645164514,-0.10257269840615227,0.10641687879536102,0.08821515495647056,-0.19226733121710857,-0.09052383166444342,0.10715107102946864,0.16637198425935867,0.09512230786285862,-0.07498136680443031,-0.10926784250734772,0.22325665609823353,-0.02267077855837215,0.06450812754960862,0.10682164821582217,0.005830310445204107,0.0016990809408008681,0.014736420052030538,-1.6092823159722634e-14,3.897122950732516e-15,1.7643984693907343e-14,3.6280526800684495e-14,-6.599369810457618e-15
